A,B,DATE,TIME,DURATION,FIRST CELL ID,LAST CELL ID,IMEI A,IMSI A,A ADDRESS
Rasia,Reichhardt,7/23/2022,2:35 PM,28,0404-6918,43419-601,3.5573E+15,3.74622E+14,8th Floor
Vonnie,Belbin,4/27/2022,5:38 AM,29,16590-282,36987-3121,3.57287E+15,5.10017E+15,11th Floor
Parnell,Killbey,8/14/2022,1:57 PM,31,65785-160,0113-0142,3.55476E+15,5.43206E+15,Room 778
Arlana,McPike,12/26/2022,12:39 AM,51,49348-890,68788-9547,6.75948E+15,3.53711E+15,Apt 1854
Gizela,Wikey,07-10-2022,9:33 AM,70,63029-401,60512-6188,3.05006E+13,2.01737E+14,Room 1228
Al,Hardage,5/23/2022,8:01 AM,14,60760-420,62756-218,5.89353E+16,4.91337E+15,Room 710
Reynold,Stawell,04-03-2022,11:30 PM,87,57520-0017,60505-3409,4.50804E+15,6.04225E+14,Room 607
Skipp,Bonniface,11/30/2022,9:10 PM,12,55154-1390,53645-1140,5.02003E+16,3.74284E+14,PO Box 43903
Brett,Caton,4/25/2022,9:57 PM,59,53808-0239,0904-6189,3.56141E+15,3.53099E+15,Room 536
Alica,Paule,4/30/2022,11:59 AM,78,41190-368,49348-511,3.52915E+15,3.53584E+15,PO Box 38811
Mora,Siene,6/29/2022,6:32 AM,68,0006-5420,13668-035,3.5777E+15,3.55957E+15,Apt 1491
Nolie,Grieg,05-09-2022,1:05 PM,63,0941-0427,0378-0873,2.01898E+14,6.76705E+18,Apt 1062
Gusella,Pull,2/26/2022,4:12 PM,18,0245-0039,61957-0401,3.65485E+13,4.8448E+15,PO Box 129
Carmen,Gettins,02-09-2022,1:02 AM,65,63049-102,49520-104,3.04378E+13,3.53204E+15,PO Box 87901
Susanetta,Nicholes,1/19/2023,11:25 AM,70,55910-688,36987-2300,3.55436E+15,6.3823E+15,PO Box 24790
Judi,Eisikovitsh,8/20/2022,6:42 AM,88,0781-3125,36987-2352,3.43474E+14,6.70941E+17,13th Floor
Barnabas,Emm,1/15/2023,9:25 AM,60,67544-892,14537-408,5.60222E+15,3.55576E+15,Apt 163
Josi,Ravilious,11/23/2022,11:17 AM,89,76340-2001,0268-6528,6.33111E+17,5.60223E+15,Room 1684
Fabe,Gloyens,12-06-2022,4:56 PM,75,76138-107,49999-176,4.9138E+15,4.90583E+17,Room 1097
Constance,Turpey,5/27/2022,8:59 PM,48,57520-0495,63323-772,3.53185E+15,4.0416E+12,PO Box 78430
Jessamine,Tollfree,10-09-2022,1:39 PM,66,52773-244,54973-0628,5.60224E+15,2.01696E+14,Room 159
Rafaelia,Cardenosa,07-11-2022,12:55 AM,67,54868-6252,64942-1074,3.56099E+15,3.53551E+15,12th Floor
Mignon,Lidgely,8/23/2022,1:07 PM,24,13630-0053,59779-467,5.60225E+15,3.53947E+15,13th Floor
Mag,Trenfield,12-10-2022,1:46 PM,24,49349-647,0378-5426,6.70925E+18,5.60223E+17,15th Floor
Sergent,Robertz,6/21/2022,11:33 PM,87,0456-2101,57955-5071,5.89387E+16,3.54454E+15,Apt 519
Winny,Cabera,11/28/2022,8:30 PM,70,60760-812,16590-005,3.55424E+15,5.60221E+15,Apt 1570
Starla,Vowden,01-03-2023,12:35 PM,32,43596-0019,57896-681,3.53055E+15,5.60221E+18,Apt 656
Hermione,Leacock,06-05-2022,5:56 AM,50,55154-2051,75981-007,6.30451E+18,3.52868E+15,Room 1948
Letti,Linnell,3/27/2022,7:59 PM,42,68788-9855,51285-128,6.75974E+18,4.45206E+15,Apt 1571
Damiano,Featherstone,6/19/2022,9:44 AM,86,11523-7155,59535-7801,3.53697E+15,3.5434E+15,Suite 99
Ethelbert,Devany,10/13/2022,1:29 AM,88,59779-063,65044-5113,4.84414E+15,3.5605E+15,Room 403
Jareb,Derl,6/21/2022,7:13 PM,47,68428-056,56062-304,5.60224E+15,3.55084E+15,4th Floor
Jae,Hilliam,6/19/2022,1:22 AM,31,0574-0150,64778-0493,3.55134E+15,3.72302E+14,Room 756
Stefanie,O' Cuolahan,4/27/2022,11:30 PM,14,62742-4041,49349-737,4.04138E+15,5.56989E+15,Apt 416
Ingra,Bartlomiejczyk,04-01-2022,7:28 PM,100,11673-271,60505-0096,4.84469E+15,3.55804E+15,Room 1238
Crystie,Drynan,11-10-2022,8:29 PM,28,0310-0201,67296-0560,5.89339E+16,3.74288E+14,PO Box 51241
Carilyn,Robrow,8/17/2022,10:09 AM,13,0006-0573,0485-0254,4.90573E+15,3.05865E+13,PO Box 12064
Ethe,Zapater,7/21/2022,2:24 PM,24,10742-8543,0406-1010,3.56482E+15,3.56253E+15,PO Box 55410
Tim,Lannen,10/23/2022,10:01 AM,71,0591-1119,37808-306,5.10017E+15,3.5726E+15,Suite 11
Susy,Bratchell,01-06-2023,2:22 PM,19,63776-373,63868-977,3.01153E+13,6.70652E+15,Suite 7
Ilyse,Crossley,02-04-2022,8:02 AM,10,0536-4088,55143-013,6.70654E+15,4.02659E+15,Room 992
Rocky,Roistone,11-07-2022,2:49 PM,65,61995-2392,58876-106,3.00351E+13,3.58637E+15,Apt 1385
Marybeth,Muldoon,12-11-2022,12:51 AM,42,49371-025,51345-106,3.56812E+15,3.56742E+15,Room 1382
Nehemiah,Jakubczyk,01-08-2023,9:30 PM,82,30142-122,55910-081,5.60224E+15,3.53646E+15,Apt 179
Lorianna,Shakesbye,9/17/2022,12:25 PM,58,53329-162,67510-0657,3.5324E+15,3.48682E+14,Room 124
Salem,Dearn,01-04-2023,1:48 PM,30,50436-3175,12745-177,3.58422E+15,3.74288E+14,PO Box 81329
Kalindi,Farrans,10/17/2022,11:55 AM,95,43857-0044,49349-850,5.0185E+16,3.53051E+15,Apt 1655
Duffie,Pittel,10-08-2022,7:50 AM,51,36987-2936,50387-200,4.175E+15,6.37771E+15,PO Box 2935
Alecia,Emanuelli,12-01-2022,8:34 AM,99,67691-101,55714-2270,3.55747E+15,4.50875E+15,1st Floor
Jobyna,Purchase,2/25/2022,1:58 PM,23,49348-246,43353-927,3.57214E+15,5.10015E+15,PO Box 33640
Codi,Blinman,04-05-2022,1:59 AM,22,63323-471,55315-552,5.60225E+18,3.54096E+15,PO Box 27325
Kristina,Stobbe,1/14/2023,8:53 AM,58,54473-257,49967-555,3.57797E+15,3.57922E+15,Room 151
Veda,Jiranek,10/13/2022,4:41 PM,55,48951-5071,36987-3362,3.56737E+15,3.57485E+15,Room 1060
Frankie,Alty,10-01-2022,7:30 AM,36,51770-001,31722-518,6.37566E+15,6.70686E+16,Suite 32
Amata,Eates,4/16/2022,4:14 AM,94,0378-0424,0378-1902,5.31098E+15,3.53768E+15,Apt 182
Phylys,Popov,7/27/2022,11:17 PM,47,49035-559,0268-6735,5.56803E+15,5.00235E+15,Room 1508
Sula,Spacy,07-11-2022,7:53 AM,42,68382-266,36987-2366,6.30413E+18,5.60226E+16,Suite 34
Oliviero,Nissle,2/14/2022,6:30 AM,57,11822-0490,0007-3370,5.4368E+15,3.56605E+15,PO Box 1324
Aldon,Buckmaster,5/18/2022,3:09 AM,13,0527-1346,55154-3446,4.0416E+15,6.30495E+16,Suite 79
Forster,Toderi,12/20/2022,10:48 PM,19,52648-6175,53499-5273,6.39566E+15,3.58287E+15,Room 1540
Julietta,Zamudio,3/26/2022,5:27 AM,29,65841-066,57896-784,3.03735E+13,2.01648E+14,Apt 393
Milzie,Itzchaky,8/15/2022,1:43 AM,69,55111-221,0363-4246,3.57671E+15,5.60222E+15,Apt 246
Sigismond,Kloska,5/13/2022,5:16 PM,17,68788-8999,50804-845,3.57556E+15,3.58543E+15,Apt 518
Rhodie,Brazier,1/27/2023,12:43 PM,70,50474-300,10544-531,5.60223E+18,3.05326E+13,Apt 119
Quintina,Slafford,8/27/2022,4:36 AM,49,52460-003,42254-281,3.57214E+15,6.75965E+18,PO Box 38091
Gerri,Kliesl,3/26/2022,4:00 AM,26,0615-1379,43538-900,6.30491E+17,5.61012E+15,5th Floor
Adriana,Gaze,1/18/2023,12:51 AM,43,11673-199,48951-4104,5.10013E+15,3.55366E+15,13th Floor
Dalt,Dessaur,10-02-2022,3:19 AM,77,52670-556,43846-0023,3.58857E+15,2.01995E+14,PO Box 42069
Morrie,Beaudry,01-04-2023,5:34 AM,39,40042-025,11509-0054,4.84459E+15,3.58365E+15,Suite 81
Drusy,Guisot,12-01-2022,11:34 AM,10,68400-353,0378-5215,3.44512E+14,5.60226E+15,Suite 11
Danie,Churchlow,10/18/2022,8:51 AM,26,0409-3724,13811-673,4.02673E+15,3.54754E+15,6th Floor
Bertha,Veschambre,9/29/2022,6:51 AM,62,51141-5000,52125-765,3.5569E+15,6.70904E+18,Suite 93
Pia,Baford,5/24/2022,11:29 PM,90,64942-1125,0404-0375,3.74283E+14,6.76386E+17,PO Box 62062
Roxanna,Hallibone,12/29/2022,12:31 AM,39,0378-0731,62003-002,5.01866E+15,5.60221E+15,Apt 1722
Godiva,Rickson,6/15/2022,4:28 PM,100,31722-565,41163-092,6.04787E+17,3.57959E+15,PO Box 66230
Ronny,Burchell,2/14/2022,12:22 PM,60,0268-6558,43063-365,5.60226E+15,5.89329E+17,Apt 1942
Lyn,Martonfi,8/26/2022,2:47 PM,99,10742-8470,51655-550,5.00236E+15,3.58913E+15,Room 678
Randi,Jakeway,9/28/2022,3:49 AM,51,37808-160,58048-0001,3.53921E+15,6.30476E+16,Room 1167
Oran,Drummond,01-01-2023,11:26 AM,51,0378-1803,68645-221,3.58786E+15,3.57208E+15,Room 847
Hayes,Gonthard,6/19/2022,9:41 PM,99,0378-1745,16590-641,3.01341E+13,5.00236E+15,17th Floor
Nicol,MacElharge,07-12-2022,6:30 PM,16,68084-726,57525-013,3.4904E+14,2.01866E+14,PO Box 21610
Zachery,Bosket,10/21/2022,5:02 AM,36,68021-1001,63629-5112,3.55295E+15,2.01414E+14,PO Box 85377
Alfie,MacCurtain,3/17/2022,9:56 AM,57,43742-0309,55154-1186,5.36439E+15,3.79904E+14,Apt 1104
Granville,Yukhnev,6/20/2022,1:25 AM,77,59427-009,68703-004,3.5546E+15,3.53091E+15,Room 1384
Leeann,Minall,06-09-2022,4:34 PM,18,51660-340,11822-9000,3.55926E+15,4.0416E+12,Room 136
Marika,Chasmor,11-05-2022,10:56 AM,54,49999-952,47219-202,3.54191E+15,3.41674E+14,Suite 33
Sidonnie,Kneebone,6/21/2022,6:35 AM,34,55390-370,57520-0565,3.56975E+15,3.74288E+14,Suite 20
Camila,Carlyon,01-05-2023,12:30 AM,10,0904-0358,56062-153,3.53416E+15,3.54668E+15,4th Floor
Marven,Breissan,3/20/2022,1:34 AM,50,67777-240,43269-665,3.47582E+14,3.54314E+15,Apt 516
Shurlocke,Di Domenico,02-02-2022,11:36 PM,99,0168-0015,49288-0346,3.52999E+15,5.04837E+15,12th Floor
Darrell,Kubal,11-05-2022,8:07 AM,85,10544-146,12462-601,3.57213E+15,3.55806E+15,Room 236
Myrah,Housaman,09-07-2022,4:18 AM,64,59305-028,76237-140,5.60222E+15,3.76933E+14,20th Floor
Rachel,Melchior,12-04-2022,7:47 PM,57,57664-108,62818-101,5.45198E+15,3.58072E+15,Suite 57
Rebe,Matteris,08-06-2022,4:04 PM,46,59762-2310,52125-728,6.76157E+15,3.55497E+15,Apt 902
Brunhilde,Eyes,11/30/2022,5:10 AM,98,53603-1006,0832-1213,3.55192E+15,2.019E+14,Suite 22
Deidre,Ratcliffe,4/29/2022,9:00 AM,65,51079-481,46123-036,3.55795E+15,3.53027E+15,Apt 65
Myles,Sherel,12/16/2022,1:44 AM,23,68387-802,59779-717,6.76238E+15,6.37754E+15,Apt 1348
Earvin,Harget,04-09-2022,5:15 PM,74,48951-6055,43598-330,3.54132E+15,3.57865E+15,Suite 28
Isidro,Crannage,11-09-2022,1:16 PM,50,76214-044,62257-367,4.93673E+18,3.0386E+13,Apt 100
Janka,McGillacoell,09-04-2022,6:31 AM,51,12634-978,0404-0703,5.10017E+15,3.54898E+15,PO Box 48468
Geraldine,Galletly,06-07-2022,11:36 PM,38,54868-3314,21695-113,6.76169E+16,6.76295E+15,Suite 25
Fletcher,Conford,04-11-2022,1:45 AM,30,36987-1249,25010-815,3.58487E+15,3.55817E+15,Room 1599
Tull,Lamperd,5/25/2022,6:00 AM,91,43857-0028,0597-0158,3.54397E+15,2.01424E+14,17th Floor
Mordy,Kain,8/16/2022,11:47 PM,72,59762-6731,24208-785,3.55667E+15,3.57915E+15,PO Box 65009
Matthew,Cinelli,09-06-2022,12:04 PM,54,51672-1335,41520-368,3.58277E+15,3.54486E+15,3rd Floor
Ad,Jorissen,08-10-2022,8:15 AM,86,43353-819,76214-033,3.58526E+15,3.74283E+14,Apt 589
Eartha,Izzard,09-12-2022,2:24 AM,21,49349-684,49781-096,5.60225E+16,4.91709E+15,Apt 928
Gwendolen,Bass,05-02-2022,12:16 AM,63,36987-1231,49947-003,3.56033E+15,3.58137E+15,10th Floor
Mannie,Vowell,01-10-2023,12:50 AM,36,49738-416,59762-1412,5.10875E+15,3.58975E+15,5th Floor
Karalynn,Matschke,5/18/2022,6:37 PM,59,16590-167,59535-2401,5.01846E+15,6.75985E+15,PO Box 24145
Justen,Tills,07-12-2022,12:14 PM,91,49348-574,43269-795,3.58306E+15,5.10875E+15,PO Box 41972
Tyne,Nairne,07-11-2022,6:58 AM,24,49348-530,36800-245,5.64182E+15,6.7592E+18,Apt 1474
Dunc,Squires,03-08-2022,10:59 PM,35,51672-4075,36987-3010,3.53461E+15,3.54786E+15,PO Box 66985
Desi,Knight,6/14/2022,7:06 PM,21,42961-012,55315-822,3.55379E+15,2.01663E+14,Apt 993
Eli,Rook,1/18/2023,11:45 AM,27,63629-5086,36800-101,3.57836E+15,3.58658E+15,PO Box 91341
Kinny,Wonter,11/18/2022,4:23 AM,45,54569-2801,76214-044,5.60221E+15,3.00512E+13,PO Box 59329
Brinna,Crabtree,8/25/2022,11:00 PM,71,42549-527,16590-936,2.01681E+14,3.57176E+15,Apt 752
Gilemette,Dethloff,8/25/2022,4:31 AM,62,63629-4970,0264-7802,6.30459E+16,5.04838E+15,Suite 4
Garland,Cerro,7/16/2022,8:43 PM,28,0173-0676,0941-0430,3.58163E+15,2.01617E+14,PO Box 34583
Edlin,Kytter,9/18/2022,2:16 AM,19,24909-116,57297-207,6.70904E+17,3.58661E+15,Apt 184
Callean,Colborn,7/20/2022,9:06 PM,99,0088-1206,49817-0053,3.53994E+15,6.04545E+17,19th Floor
Vernor,Bealton,07-02-2022,2:49 AM,15,58930-020,49349-054,4.17501E+15,6.75945E+18,Suite 39
Tabb,Shemming,09-03-2022,8:49 AM,67,36987-2620,65954-047,3.56833E+15,6.04217E+16,Suite 25
Cathryn,Brezlaw,7/28/2022,8:32 PM,38,63868-068,41520-025,3.56259E+15,3.5825E+15,Apt 1923
Yolanda,Belison,11-09-2022,11:44 PM,100,42291-370,63629-3906,3.55908E+15,3.58742E+15,19th Floor
Hortense,Pawling,10/16/2022,11:30 AM,29,54868-5279,49738-176,2.01437E+14,3.54129E+15,Apt 1803
Darb,Matteoni,03-07-2022,9:49 PM,95,63539-014,63824-479,5.10875E+15,3.53051E+15,Apt 1795
Ardra,Jaumet,07-12-2022,5:21 AM,15,10702-016,10237-728,6.37783E+15,3.55741E+15,Room 454
Lindsy,Hughlock,10-01-2022,6:56 AM,24,0268-0817,58118-1525,3.56022E+15,3.5881E+15,Room 1244
Beverlie,Shotbolt,7/29/2022,8:59 PM,61,43479-202,54868-3849,3.5748E+15,3.57009E+15,Suite 95
Leighton,Faux,11-01-2022,5:43 AM,63,60505-3250,51257-644,5.10015E+15,3.01825E+13,15th Floor
Janos,Worge,01-04-2023,7:25 PM,95,65923-559,65044-0852,3.53216E+15,4.93607E+17,9th Floor
Danette,McAvaddy,5/23/2022,12:07 AM,46,0904-6203,54868-5722,4.9363E+18,3.42294E+14,6th Floor
Ward,Cheales,12/19/2022,12:25 PM,82,52533-205,51460-0275,6.30406E+15,4.50897E+15,Room 425
Skip,Youdell,06-03-2022,1:23 PM,19,43353-506,55154-8298,3.53127E+15,2.01755E+14,Suite 80
Travis,Hardistry,8/22/2022,6:58 AM,47,13811-676,68788-1473,3.57386E+15,6.30447E+17,19th Floor
Morgun,Winfindine,10-09-2022,5:52 AM,25,67760-001,42747-726,3.57827E+15,3.54228E+15,Suite 80
Faith,Badsey,03-04-2022,12:50 AM,88,0004-6416,49288-0641,5.00767E+15,3.53863E+15,PO Box 62540
Friedrich,Tinn,3/29/2022,8:34 AM,83,49299-1090,0378-7002,3.58427E+15,3.52843E+15,1st Floor
Sandie,Klimkowski,04-05-2022,4:42 PM,69,0363-0202,16252-591,2.01587E+14,3.55442E+15,Apt 1480
Ephrayim,Rapley,10/18/2022,2:47 PM,34,42043-321,62206-4720,3.52888E+15,3.55474E+15,14th Floor
Evey,Amerighi,6/29/2022,4:09 PM,21,42254-116,63323-140,3.5884E+15,3.05257E+13,20th Floor
Kennan,Sapp,9/17/2022,5:22 AM,21,43742-0295,67046-205,3.57746E+15,5.01805E+15,PO Box 65833
Ally,Ronaghan,07-04-2022,3:33 PM,28,62670-4405,31722-537,3.53799E+15,3.57706E+15,Apt 1832
Winnifred,Joreau,4/25/2022,2:16 AM,100,0228-2752,0228-2803,5.60224E+17,5.60223E+15,Apt 1982
Alia,Warner,1/25/2023,9:51 PM,98,55714-4567,21749-366,5.61046E+18,5.42148E+15,PO Box 26801
Elianore,Bessett,04-07-2022,11:04 AM,74,0363-0804,65862-145,5.45853E+15,5.10017E+15,PO Box 58402
Trixi,Sandal,4/25/2022,7:01 PM,86,59050-251,29033-001,3.54997E+15,3.53947E+15,3rd Floor
Maximilien,Bracegirdle,02-11-2022,2:37 AM,52,62750-006,0006-3514,3.55017E+15,6.30403E+16,PO Box 18712
Sandy,Kisar,02-01-2022,10:01 PM,89,61010-5701,58118-0189,3.54035E+15,3.55546E+15,PO Box 93245
Pepillo,Tudbald,12/28/2022,2:40 PM,60,51389-102,60681-1405,3.56151E+15,3.58455E+15,7th Floor
Leslie,Mayworth,6/24/2022,10:35 AM,79,0078-0367,41190-302,5.89365E+15,3.55871E+15,Room 442
Alfonso,Tomini,1/27/2023,9:05 PM,14,54868-6254,68382-261,3.58843E+15,3.54531E+15,Room 1162
Frederick,Hedan,9/20/2022,3:11 AM,50,46122-026,33342-052,5.36106E+15,4.4051E+15,PO Box 13137
Fletcher,Franies,9/26/2022,12:00 AM,46,66336-393,54868-6106,5.10876E+15,3.58281E+15,15th Floor
Fidel,Sexton,12-02-2022,3:02 AM,81,50580-496,59779-511,5.60225E+17,5.01805E+15,Suite 42
Don,Chotty,11-03-2022,12:32 PM,69,59875-2010,54575-248,3.53635E+15,4.02672E+15,Apt 649
Nathanial,Salt,03-06-2022,5:38 AM,30,42377-001,75981-370,5.53893E+15,3.54819E+15,16th Floor
Fitzgerald,Bunch,06-01-2022,2:19 AM,21,55910-018,52533-024,5.60226E+15,6.70965E+18,11th Floor
Rebe,Pickle,07-04-2022,11:26 AM,64,11673-109,35356-840,3.58099E+15,3.01662E+13,17th Floor
Kally,Harriday,07-03-2022,9:23 PM,46,11559-736,0363-0190,3.53922E+15,3.56697E+15,Room 484
Roselin,Roser,04-04-2022,10:13 PM,54,49348-195,65121-304,5.10013E+15,5.89384E+15,PO Box 62003
Gerik,Pixton,4/21/2022,8:37 AM,99,67046-644,0013-0102,5.00236E+15,4.04137E+12,Apt 1724
Weber,Blinde,11-09-2022,4:30 PM,94,41250-256,52125-365,3.72301E+14,5.10875E+15,PO Box 92131
Rodie,Kalberer,12/15/2022,8:21 AM,32,13107-059,36987-1997,5.52549E+15,4.57062E+15,Apt 1415
Shawn,Faloon,7/23/2022,1:37 PM,48,62670-4359,10544-181,5.04837E+15,5.13885E+15,Suite 14
Gabriell,Reeman,03-08-2022,12:50 PM,30,55154-4763,68858-100,2.01868E+14,2.01976E+14,Room 464
Marlin,Blanchflower,9/24/2022,5:17 AM,48,24385-524,51079-119,3.55407E+15,3.71493E+14,PO Box 10988
Twyla,Salaman,10-06-2022,1:40 AM,24,76237-143,0363-0036,2.01802E+14,3.56725E+15,PO Box 59787
Wilone,O'Kenny,3/17/2022,12:49 AM,61,51991-708,48663-0001,3.56375E+15,6.37409E+15,2nd Floor
Mercy,Helstrip,01-07-2023,9:27 PM,63,52731-7048,68151-4769,4.90333E+18,4.9036E+18,Suite 32
Thorin,Bernade,10/14/2022,11:29 AM,75,65321-025,30142-092,5.58934E+15,3.5384E+15,7th Floor
Sydel,Dewan,7/13/2022,8:26 PM,48,57844-691,66336-555,6.33302E+17,3.53159E+15,2nd Floor
Adrienne,Colchett,4/23/2022,11:44 PM,52,10544-273,41250-111,5.10018E+15,3.55576E+15,7th Floor
Kaspar,Dimelow,01-07-2023,5:02 PM,84,57520-0306,54569-5595,3.55339E+15,3.0364E+13,4th Floor
Vitia,Beardshall,3/25/2022,12:20 AM,64,68151-0238,0338-0509,4.91178E+17,6.70998E+17,Room 71
Joann,Tallboy,10/27/2022,9:40 AM,66,52125-155,54868-5334,3.03359E+13,3.54486E+15,Suite 19
Hetty,Hukins,12/29/2022,9:35 PM,75,76138-103,52584-045,6.7092E+15,3.54905E+15,16th Floor
Natale,Oleksiak,12/31/2022,9:24 AM,33,10361-778,43353-675,5.60223E+15,3.49191E+14,Suite 14
Francine,Bilbie,08-04-2022,7:26 AM,55,0548-1240,50967-317,5.60221E+15,3.58995E+15,Suite 67
Yancy,MacAllen,12/30/2022,3:57 PM,70,58895-1001,55154-5052,5.49643E+15,3.54173E+15,Suite 95
Donelle,Berston,8/24/2022,11:00 AM,53,57520-0430,16590-185,3.56094E+15,3.55491E+15,Room 859
Donetta,Aspinal,7/17/2022,6:39 PM,64,54295-307,0641-6075,2.01637E+14,3.53399E+15,Suite 1
Benetta,Sneezum,11/27/2022,12:20 AM,32,0234-0587,37808-181,3.58804E+15,4.91151E+17,Apt 655
Tildy,Reah,6/24/2022,4:59 PM,60,68151-1305,42507-002,6.38329E+15,3.5513E+15,Apt 550
Britni,Redgrave,05-01-2022,7:09 AM,66,54868-5251,64942-1151,4.175E+15,3.54186E+15,Suite 1
Alister,Feighney,4/28/2022,8:46 AM,72,0404-5638,11086-021,5.60222E+15,5.10017E+15,Suite 95
Loretta,Goodship,06-06-2022,2:45 AM,50,68210-0401,63739-986,3.56101E+15,3.54864E+15,PO Box 47074
Pavia,Korpal,8/22/2022,7:32 AM,33,41520-223,57955-0081,3.58534E+15,6.30472E+16,16th Floor
Wes,Swainston,10-12-2022,9:12 AM,83,57237-055,55118-245,3.53828E+15,6.04382E+16,Apt 191
Drusi,Jirousek,01-05-2023,9:03 PM,33,43063-404,61957-1003,4.90362E+15,5.60223E+16,Room 731
Celestina,Renne,01-01-2023,3:36 AM,60,0372-0006,59883-821,3.54033E+15,4.175E+15,PO Box 22258
Penelopa,Vinck,01-01-2023,1:31 PM,31,57520-0136,64305-006,3.5411E+15,3.53798E+15,Suite 82
Melly,Petruk,8/24/2022,5:28 PM,77,55504-0540,62670-4383,5.03851E+18,6.75983E+18,Room 1712
Nikolos,Joris,04-01-2022,7:18 PM,18,54738-905,0781-1439,5.60222E+15,3.5336E+15,Room 1317
Hulda,Russilll,6/21/2022,12:46 PM,63,55910-160,58118-3780,3.57138E+15,5.60222E+15,6th Floor
Alphonse,Claw,12/21/2022,6:00 PM,100,62756-798,55045-1594,4.04159E+12,3.55633E+15,2nd Floor
Rice,Beavon,11/13/2022,10:23 AM,63,0378-3567,63687-0001,3.53623E+15,5.01012E+15,2nd Floor
Townie,Sworder,5/20/2022,12:01 AM,75,55504-4000,0143-9962,3.53872E+15,3.55282E+15,Room 1337
Cathe,Kornilyev,7/24/2022,5:38 AM,36,10096-0219,55316-090,6.33473E+15,3.53001E+15,PO Box 26182
Thorndike,Pawlett,11-01-2022,7:51 AM,27,57520-0410,61657-0208,3.014E+13,3.5737E+15,Room 610
Ev,Schwaiger,6/28/2022,8:41 PM,28,0002-7512,64533-000,5.60222E+15,3.58088E+15,Apt 1779
Odella,De Benedictis,11/18/2022,5:46 PM,66,68462-497,59898-123,2.01678E+14,3.57408E+15,Apt 1569
Antonius,Tillman,6/14/2022,11:21 AM,66,37808-441,49999-819,3.53645E+15,3.56626E+15,Apt 637
Stevena,Meth,08-08-2022,9:06 AM,32,49288-0914,63868-968,3.56229E+15,3.54656E+15,Suite 70
Nari,Sporner,6/22/2022,12:27 PM,81,63304-643,21695-996,2.01991E+14,5.33648E+15,Suite 60
Warner,Capelow,1/24/2023,11:43 AM,55,55289-270,11822-0957,2.01622E+14,6.75935E+15,Suite 69
Marybelle,Carp,05-04-2022,7:58 AM,30,11822-3108,24839-699,5.60224E+15,3.55812E+15,Room 1971
Padget,Rothery,10-02-2022,9:55 PM,10,63739-531,43269-908,6.30455E+16,3.55702E+15,Apt 376
Sigismundo,Sijmons,10-10-2022,7:39 AM,94,51460-0504,52862-017,3.57821E+15,5.25044E+15,Apt 659
Aurore,Sapson,11/14/2022,7:05 AM,74,37808-107,0054-0021,5.10013E+15,2.01905E+14,PO Box 69177
Isabel,Collimore,4/15/2022,4:38 AM,77,47335-816,63824-411,5.61048E+15,3.5418E+15,Apt 450
Cyndia,Witsey,01-11-2023,10:31 AM,31,16590-143,52125-674,6.70942E+15,6.76178E+17,11th Floor
Jacintha,Spriggin,11-01-2022,3:58 AM,72,0173-0814,43857-0041,3.5831E+15,3.58004E+15,Suite 24
Daron,Hooks,03-06-2022,8:02 PM,89,64376-820,61852-978,3.56239E+15,3.5393E+15,Room 240
Elaine,Jorioz,10/14/2022,6:09 PM,91,55154-5750,10812-228,3.37941E+14,5.60226E+15,Apt 1509
Adelina,Spedroni,9/15/2022,2:05 AM,56,37205-708,36987-1490,4.17501E+15,3.55548E+15,Apt 1346
Dodi,Byars,08-05-2022,7:39 AM,55,0904-5991,68703-085,3.57487E+15,3.54663E+15,19th Floor
Lucina,Broom,6/29/2022,12:08 AM,30,0179-1482,55714-2221,3.05065E+13,5.60226E+15,Suite 22
Wally,Marcussen,04-09-2022,3:13 AM,70,66715-9739,0591-3293,5.1731E+15,6.76752E+18,Suite 42
Keefer,Earingey,10/29/2022,11:22 PM,47,36800-015,63629-4422,6.33322E+17,3.74283E+14,Suite 34
Opal,Furtado,10/13/2022,6:20 AM,97,68084-172,42637-822,3.54155E+15,5.10875E+15,Apt 1524
Caria,Cusack,6/23/2022,9:09 AM,53,0131-1810,63736-023,6.76704E+18,3.55734E+15,Suite 75
Mickie,Sandlin,10/14/2022,3:33 PM,30,36800-604,43353-132,3.56329E+15,5.61031E+16,14th Floor
Cathryn,Leroux,1/16/2023,7:48 AM,20,60919-1073,52125-020,3.55978E+15,5.60224E+15,Room 5
Johan,Collins,1/28/2023,8:07 AM,66,53329-808,34666-006,2.0172E+14,3.58301E+15,15th Floor
Marysa,Broadfield,2/24/2022,6:25 AM,39,49288-0730,54868-1616,3.57792E+15,3.55718E+15,Room 788
Fawne,Hollibone,03-02-2022,3:35 AM,88,52584-783,58118-4132,4.50874E+15,6.37731E+15,17th Floor
Weylin,Goosnell,01-08-2023,5:21 PM,72,49348-598,41268-175,3.02569E+13,6.30441E+16,Room 308
Sven,Jachimiak,8/30/2022,10:02 AM,17,62559-158,59762-1851,3.57393E+15,4.50817E+15,Apt 1658
Sherline,Fussen,12/22/2022,4:49 AM,90,50436-3173,54569-2299,4.4059E+15,3.0194E+13,10th Floor
Laurent,O'Kynsillaghe,02-05-2022,4:50 PM,13,0944-8402,43269-843,3.54878E+15,6.30493E+18,Apt 460
Tatum,Hartup,12-08-2022,3:09 PM,91,37000-322,21130-318,5.10013E+15,3.5572E+15,Apt 982
Casie,McSkin,10-12-2022,1:33 PM,91,11822-3108,55910-664,3.0295E+13,5.60221E+15,Apt 516
Kareem,Clemence,10/24/2022,9:23 PM,74,51824-030,55154-5827,6.3752E+15,3.03898E+13,19th Floor
Alley,Varley,01-06-2023,10:17 PM,53,49967-658,62011-0047,4.84479E+15,2.01529E+14,Suite 83
Noby,De Banke,01-03-2023,12:21 PM,89,55910-213,65044-1019,4.50803E+15,3.53174E+15,4th Floor
Hanni,Nys,5/14/2022,4:31 PM,51,48951-1069,0135-0154,5.03884E+15,3.5545E+15,PO Box 30286
Cassie,Clubbe,04-11-2022,10:55 AM,76,43353-742,59630-205,5.26448E+15,3.5795E+15,PO Box 40471
Dorita,Luthwood,7/17/2022,4:49 PM,70,59746-283,68016-441,4.22444E+15,5.51254E+15,3rd Floor
Paulita,Patterson,8/14/2022,12:31 AM,11,0363-0987,42254-130,5.0208E+16,3.56774E+15,Room 540
Leonhard,Drewry,3/16/2022,5:51 PM,83,24286-1550,41520-995,6.37919E+15,3.54512E+15,Room 1364
Quinn,McEnery,1/16/2023,5:25 AM,28,0781-5583,45802-101,5.41054E+15,3.55202E+15,PO Box 99461
Ninon,Thomasen,1/31/2023,1:32 PM,19,68788-9100,37205-298,3.37941E+14,6.04904E+15,17th Floor
Ambros,Stalf,4/15/2022,4:09 PM,53,72036-227,64613-0456,5.64183E+18,5.10014E+15,PO Box 43181
Loralyn,Elias,11/26/2022,2:13 PM,16,61919-308,0069-2250,3.56728E+15,2.01729E+14,Room 258
Fonzie,Rubinovitch,5/18/2022,6:11 PM,17,0009-5135,54218-800,3.56835E+15,4.93624E+17,Apt 1132
Calla,Diggens,06-07-2022,9:56 AM,33,43068-106,67938-1081,4.93626E+18,4.04138E+12,PO Box 46986
Briny,Serotsky,11-03-2022,2:55 AM,81,61442-111,52125-734,4.50828E+15,3.58753E+15,Apt 1492
Jacquette,Cesconi,6/20/2022,6:18 AM,73,59779-399,59779-946,6.77192E+17,3.53675E+15,2nd Floor
Jacquenette,Craigmyle,7/28/2022,3:20 PM,76,68084-292,43063-183,4.90358E+15,5.10015E+15,Room 1281
Robinett,Adess,3/29/2022,2:41 PM,65,63323-353,53135-967,3.57204E+15,3.54164E+15,Apt 907
Gayelord,Hursey,12/17/2022,7:37 AM,96,30698-201,63323-735,3.55649E+15,5.23736E+15,8th Floor
Corabella,Merrall,07-12-2022,4:53 AM,25,62856-831,42248-103,6.33302E+15,3.56975E+15,Apt 485
Pietro,Blackie,09-06-2022,4:46 AM,85,50474-596,40046-0043,3.54874E+15,2.01719E+14,16th Floor
Else,Joseph,09-05-2022,9:37 AM,58,0942-6329,55289-053,6.38722E+15,6.76274E+15,Suite 39
Raviv,Pleat,06-04-2022,12:50 PM,66,16477-820,0075-8013,3.03593E+13,2.01999E+14,Suite 90
Ferguson,Janssens,12/26/2022,6:13 PM,83,0115-0511,67046-162,4.90389E+17,4.84873E+15,PO Box 80758
Ferdie,Tawse,1/13/2023,8:43 AM,64,37000-843,55714-8007,3.54757E+15,3.55315E+15,PO Box 77706
Heloise,O'Loughlin,10/13/2022,7:12 AM,13,54859-702,61703-341,3.54388E+15,5.18949E+15,Suite 12
Kiel,Sterrie,1/31/2023,8:57 PM,37,55316-402,54973-3127,4.93611E+17,3.58316E+15,3rd Floor
Oliver,Billingsley,7/15/2022,6:31 AM,17,43063-458,65162-046,3.55653E+15,5.60225E+16,Apt 728
Wood,McCullagh,01-07-2023,3:49 AM,91,62802-291,66689-031,6.37162E+15,3.74623E+14,20th Floor
Desmond,Boliver,2/25/2022,6:17 PM,85,68462-467,61699-1966,5.89321E+15,6.70994E+16,Suite 95
Thibaud,Dikes,4/15/2022,8:01 PM,31,11822-0554,63323-403,5.10014E+15,6.39292E+15,Room 493
Asa,Gilbank,07-12-2022,3:36 PM,23,33992-1136,16714-384,5.60222E+17,5.64182E+18,18th Floor
Maritsa,Glenfield,10-01-2022,7:48 AM,95,11822-0837,47242-0201,3.74623E+14,3.54309E+15,Suite 69
Camellia,Deem,08-01-2022,6:39 PM,56,0113-0957,58118-0155,3.01515E+13,3.74284E+14,PO Box 28988
Kinnie,Renouf,04-06-2022,8:22 PM,20,10812-366,49349-351,5.34216E+15,6.3311E+17,7th Floor
Kellina,Bernardeschi,7/28/2022,11:04 AM,75,34645-5018,0268-6695,3.57459E+15,3.5751E+15,Suite 21
Rusty,Adamsson,2/20/2022,11:25 AM,19,54473-223,61919-124,3.53989E+15,3.55003E+15,Apt 423
Bent,Dance,4/14/2022,10:34 PM,34,52709-1101,31722-569,5.60221E+15,3.56771E+15,Room 457
Kent,Rockell,05-06-2022,10:36 AM,84,49884-673,49288-0023,4.90375E+18,3.74622E+14,PO Box 74763
Elsi,Duggleby,12/13/2022,7:37 AM,55,48951-8225,43406-0075,4.04159E+12,3.72301E+14,PO Box 45437
Cristina,Ummfrey,06-08-2022,3:30 AM,81,54868-6213,17856-0088,3.56247E+15,3.54909E+15,15th Floor
Winnifred,Hurle,09-09-2022,5:47 PM,35,64117-525,0228-3059,3.55314E+15,3.56807E+15,Room 564
Ramsey,Mothersdale,06-10-2022,4:49 PM,18,49817-0059,52424-0001,3.57704E+15,3.56123E+15,Suite 9
Cory,Lathan,04-09-2022,6:13 PM,65,63629-1647,59746-348,3.57669E+15,5.03816E+15,12th Floor
Rafaello,Baron,3/18/2022,9:38 PM,25,68210-1901,68462-180,3.58838E+15,3.54894E+15,Apt 1018
Jaymie,Yankov,11-10-2022,9:18 AM,60,37000-843,0591-0426,3.58953E+15,3.52816E+15,Suite 86
Morganica,Wisker,01-01-2023,5:11 PM,52,24488-005,41167-3006,3.55762E+15,3.5784E+15,Room 1510
Cinnamon,Houndson,11/25/2022,8:39 PM,85,68788-9045,0179-0050,5.10015E+15,5.60222E+17,Room 1969
Ransom,Pietersen,5/17/2022,7:12 AM,28,49999-805,50441-0005,4.17501E+15,3.01604E+13,12th Floor
Agneta,Coghlin,02-12-2022,5:18 AM,52,49693-1801,0178-0859,6.3311E+17,3.54229E+15,Apt 1680
Milly,Schaumaker,11/23/2022,2:25 AM,36,10725-0001,43269-661,3.55593E+15,5.60222E+15,Apt 561
Fayette,Gummary,5/23/2022,7:26 PM,43,53808-0771,75942-001,5.00767E+15,4.04159E+12,19th Floor
Idalia,Robertson,10/20/2022,9:30 AM,32,61919-047,21695-175,3.55838E+15,6.33402E+18,PO Box 25194
Sadie,Renvoise,9/25/2022,11:01 PM,56,65862-501,0699-5743,3.54883E+15,6.39413E+15,5th Floor
Amelie,Cradoc,6/13/2022,5:48 AM,18,44911-0125,53808-0382,3.54287E+15,4.90531E+18,10th Floor
Gregorio,Lynd,12/18/2022,5:18 PM,19,65923-559,0363-0227,6.3311E+15,6.75924E+17,Room 1276
Corinna,Leindecker,06-11-2022,8:21 PM,94,61657-0957,16590-274,5.60221E+18,4.04137E+15,PO Box 71948
Olvan,Hannigan,08-11-2022,8:41 AM,17,52125-328,24385-629,4.93661E+15,3.53327E+15,Suite 100
Boycey,Deboy,1/15/2023,8:42 PM,42,55714-4549,43419-361,3.54108E+15,3.01551E+13,PO Box 62500
Kim,Mussard,02-11-2022,4:11 AM,69,0113-0544,49348-598,3.47497E+14,3.05703E+13,Room 1238
Alfie,Proske,5/22/2022,9:02 AM,93,67938-0823,0781-5406,3.55487E+15,6.39408E+15,PO Box 74502
Sylvia,Ebsworth,07-10-2022,4:50 AM,80,47593-491,65954-548,3.54918E+15,3.56237E+15,Apt 656
Helge,Litster,6/17/2022,5:47 AM,93,66336-033,0078-0458,3.04999E+13,3.57474E+15,Room 731
Celestine,Airton,10-01-2022,11:19 PM,46,13537-316,58411-115,2.01902E+14,6.33493E+15,8th Floor
Sergeant,McGeagh,1/27/2023,5:46 PM,21,51991-818,49349-465,4.04138E+15,3.52863E+15,Room 1262
Garnette,Bellord,8/13/2022,8:51 AM,70,50563-167,67510-0663,3.00018E+13,5.60223E+15,Suite 49
Sergent,Mallows,7/28/2022,5:14 AM,87,11410-906,63922-601,3.57727E+15,5.01012E+15,Apt 1811
Gates,Stopps,7/14/2022,12:04 PM,30,24571-108,48951-3118,3.55827E+15,5.01894E+15,Suite 77
Goldina,Chislett,2/14/2022,6:42 AM,93,48951-5028,0169-0084,5.60222E+17,5.89368E+15,Apt 164
Dana,Le Fleming,09-02-2022,7:11 PM,82,0268-1457,53943-721,5.10015E+15,3.58742E+15,Suite 63
Reginald,Setchfield,07-12-2022,5:31 PM,55,51079-557,49972-010,2.01949E+14,6.37578E+15,Apt 1999
Odell,Ossipenko,4/14/2022,7:47 AM,21,50268-517,68428-144,6.33426E+17,3.0468E+13,PO Box 39163
Sherri,Spottiswood,07-08-2022,7:02 AM,11,58181-3031,21695-758,5.01853E+18,3.05502E+13,Apt 158
Kellyann,MacMarcuis,02-11-2022,2:22 AM,87,10884-2265,49963-630,5.32387E+15,2.01675E+14,Room 352
Corinne,Baniard,10/21/2022,8:32 PM,72,60258-865,50181-0003,3.56272E+15,3.58763E+15,6th Floor
Raffaello,Vedntyev,10-11-2022,9:16 PM,59,52125-433,50845-0023,5.60225E+17,4.93611E+18,PO Box 44159
Pearline,Shovel,08-12-2022,4:22 AM,77,68196-733,57337-044,3.55186E+15,2.01648E+14,7th Floor
Starlene,Ardy,05-08-2022,10:04 AM,47,64942-1148,37808-027,4.4636E+15,6.7598E+15,Room 1763
Wilhelmine,Giorgeschi,06-07-2022,7:39 PM,17,16590-278,0591-3749,3.03656E+13,3.5754E+15,PO Box 8086
Melodie,Haskell,10/29/2022,6:04 AM,72,54879-001,59779-366,3.5897E+15,5.01815E+16,Apt 22
Edmon,Domerq,12/21/2022,3:29 PM,31,0363-0132,49643-414,5.10015E+15,3.54464E+15,PO Box 57760
Matthus,Meace,07-08-2022,1:34 AM,82,0781-3166,55316-268,3.02222E+13,3.53418E+15,1st Floor
Thibaut,Brookson,1/14/2023,7:04 PM,62,0591-1118,0944-4351,3.58949E+15,3.52827E+15,Suite 36
Kippie,Gilkes,09-10-2022,2:19 PM,33,54868-6022,76237-178,5.01832E+15,6.76339E+17,Apt 1255
Ax,McKevitt,3/16/2022,2:51 PM,99,59762-3130,0641-6059,3.55032E+15,4.91366E+15,Suite 38
Josee,De Andreis,5/30/2022,2:17 PM,76,64058-213,10812-702,3.54003E+15,3.58931E+15,Room 234
Silvia,Gartsyde,03-05-2022,5:40 PM,75,68382-344,10812-091,5.25747E+15,3.58586E+15,Suite 10
Aurilia,Siggee,2/24/2022,4:09 PM,38,54859-504,24385-352,3.55676E+15,3.57447E+15,Room 1736
Barri,Threlkeld,8/24/2022,7:06 AM,20,0904-6359,63629-5268,5.61056E+15,5.31094E+15,PO Box 80568
Raimundo,Garter,5/29/2022,12:11 AM,57,17772-104,36987-2459,3.53251E+15,3.58131E+15,PO Box 72662
Aubrey,Heinsh,3/20/2022,11:05 PM,64,36800-081,43596-0017,4.91398E+15,4.90387E+15,PO Box 46576
Emmerich,Januszkiewicz,06-09-2022,4:09 PM,92,33261-975,62670-4565,3.5432E+15,3.5861E+15,Apt 721
Dino,Ethersey,08-04-2022,9:35 PM,71,52125-867,58394-023,5.10875E+15,5.60225E+15,Room 1993
Dani,Uccelli,07-03-2022,9:48 PM,86,59078-011,0069-2170,3.55204E+15,4.84404E+15,Suite 78
Karoly,Cristou,7/22/2022,10:01 PM,85,68745-1043,58118-0311,3.05632E+13,3.6692E+13,Apt 533
Lisetta,Whitear,4/27/2022,8:56 AM,85,37808-921,53808-0609,5.02035E+15,5.01861E+15,PO Box 15043
Ashlen,Lamcken,7/16/2022,12:47 AM,19,60512-9152,50436-3922,5.60224E+15,5.10876E+15,PO Box 80403
Hannah,Wilber,7/23/2022,1:55 AM,30,52584-637,0187-5172,5.60223E+15,4.01795E+12,Room 93
Reyna,Rossey,02-01-2022,8:01 PM,24,36987-2964,24909-146,3.5429E+15,4.90385E+15,Suite 4
Enriqueta,Vernay,1/26/2023,4:46 PM,53,42549-640,55056-0406,3.54955E+15,5.60223E+18,Room 84
Yves,Purdon,4/23/2022,1:25 PM,87,0113-0897,59305-030,5.00766E+15,5.60225E+15,PO Box 25274
Ferrell,Lody,07-12-2022,9:04 PM,87,49349-079,52389-237,5.61092E+15,4.91148E+15,Room 878
Welbie,Vany,01-03-2023,1:32 AM,84,0603-1585,61715-111,3.57486E+15,3.02412E+13,PO Box 42137
Kali,Espada,5/23/2022,12:25 PM,66,11673-458,0591-3433,3.57067E+15,4.91754E+15,Room 1743
Lissie,Kyllford,07-07-2022,5:39 PM,29,10544-202,0517-1020,5.10014E+15,3.74115E+14,Apt 501
Herb,Eldred,08-03-2022,7:17 AM,69,55648-311,13537-298,3.58735E+15,5.14733E+15,Room 374
Shepard,Cattonnet,3/31/2022,10:35 PM,49,42507-702,11917-023,6.04622E+14,3.47573E+14,PO Box 41273
Myrlene,Hill,7/15/2022,2:04 PM,33,11410-606,55714-2282,3.58025E+15,3.5489E+15,PO Box 67311
Ashlie,Wimms,7/19/2022,3:43 PM,96,41163-344,52125-454,6.76264E+15,5.60223E+15,5th Floor
Homerus,Sambrook,12-01-2022,12:35 PM,49,76439-209,43353-850,2.01515E+14,3.58025E+15,2nd Floor
Garrard,Schaumann,03-05-2022,5:45 AM,82,53808-0986,63730-204,5.10013E+15,3.5735E+15,PO Box 73415
Fulton,Goolden,11-03-2022,3:03 AM,29,35356-324,12121-001,3.53463E+15,3.55158E+15,13th Floor
Courtney,Newhouse,02-03-2022,11:19 AM,11,36800-698,54162-011,5.31368E+15,6.77186E+15,Room 428
Katina,Fratson,03-11-2022,2:11 AM,86,55319-620,40104-556,6.3798E+15,3.65495E+13,18th Floor
Belia,Rooney,4/27/2022,9:02 AM,72,59534-001,10096-0297,5.60223E+15,2.01635E+14,7th Floor
Danya,Matanin,02-09-2022,1:53 AM,28,16714-533,54569-0626,3.56423E+15,3.5341E+15,PO Box 28738
Dorelle,Baversor,11/24/2022,5:51 AM,52,12830-816,36987-1636,3.579E+15,3.58808E+15,8th Floor
Deanne,Hodcroft,7/20/2022,9:48 AM,34,41250-482,68788-9785,3.00986E+13,5.00236E+15,Suite 91
Dyanne,Seagood,11/19/2022,6:04 PM,85,21749-975,53808-0601,4.4051E+15,3.49679E+14,Room 318
Donny,Bunce,11-11-2022,10:35 AM,31,14783-012,63940-335,5.29817E+15,3.00122E+13,20th Floor
Cass,Quickenden,11/29/2022,1:46 PM,95,60429-138,58232-4016,3.53565E+15,3.58748E+15,Apt 1873
Koral,Roeby,6/22/2022,7:54 AM,10,0268-6226,45737-206,3.57849E+15,4.936E+18,PO Box 2935
Joey,Bims,04-11-2022,10:27 AM,79,50988-304,24236-543,3.54948E+15,5.5773E+15,PO Box 35124
Gwenette,Mucci,3/15/2022,8:35 AM,58,11084-058,10345-017,3.54867E+15,3.56473E+15,Apt 448
Pearline,Bohl,2/26/2022,9:16 AM,97,52959-450,63304-497,3.74288E+14,3.54705E+15,Apt 784
Bari,Lippingwell,6/28/2022,4:08 AM,59,31722-533,51138-052,5.10017E+15,2.01851E+14,Apt 1691
Beryle,Sammon,05-08-2022,12:17 AM,30,53389-563,50991-582,5.60223E+15,4.84454E+15,Room 1142
Rachelle,Dethloff,07-07-2022,1:54 PM,33,63459-177,41250-704,3.56149E+15,3.55011E+15,Apt 614
Brendan,Widd,05-08-2022,4:23 AM,75,0406-8091,67938-1111,5.61085E+17,6.37503E+15,Room 1886
Anni,Shear,04-06-2022,12:05 AM,86,0143-2112,63629-4151,5.21122E+15,6.76263E+16,PO Box 37715
Madelin,Eagland,9/15/2022,6:44 AM,60,25021-108,33992-8802,3.00469E+13,6.75963E+15,PO Box 45797
Lodovico,Meanwell,5/20/2022,8:15 PM,49,63029-800,0615-2513,3.52933E+15,4.93696E+18,Suite 26
Devin,Smoth,6/27/2022,12:00 AM,19,66302-102,59212-701,3.53595E+15,5.00766E+15,Apt 1840
Cordi,Brunesco,04-02-2022,11:33 AM,23,41520-236,63323-117,3.57903E+15,3.55074E+15,Room 861
Blaine,Kay,03-12-2022,5:46 AM,80,65044-3191,56062-050,5.10018E+15,6.7597E+16,1st Floor
Nada,Oboy,12/13/2022,6:30 PM,58,43749-430,0378-5201,3.56465E+15,5.01013E+15,6th Floor
Godwin,Leckey,1/19/2023,2:23 PM,84,41900-500,0378-4092,2.01978E+14,5.61039E+18,Apt 748
Candide,Roots,12-01-2022,2:25 PM,39,50436-6951,0555-0808,5.2364E+15,3.54227E+15,1st Floor
Clare,Caldero,04-03-2022,10:15 PM,85,42876-001,76237-299,4.04159E+15,6.04801E+17,6th Floor
Robyn,Jovovic,1/19/2023,1:55 PM,99,36987-2635,51672-5278,3.41626E+14,5.03856E+18,Apt 596
Wayland,Whitehorne,8/20/2022,1:27 PM,97,21695-286,63517-523,3.54068E+15,3.55025E+15,Room 1565
Deanna,Rizzolo,03-08-2022,4:12 PM,27,0781-5584,43068-113,6.33392E+17,3.56657E+15,Apt 858
Paton,Faughey,3/16/2022,3:29 PM,92,57900-001,51862-211,3.56856E+15,6.76185E+16,11th Floor
Boyce,Bril,8/22/2022,3:29 PM,47,57520-0394,51367-009,3.04099E+13,5.19996E+15,Suite 56
Kelcey,Foddy,7/13/2022,6:46 AM,13,59779-216,43742-0206,3.54776E+15,3.74284E+14,PO Box 98972
Eden,Fanthome,12/13/2022,3:19 AM,84,66579-0061,54868-5479,6.75979E+18,3.55306E+15,Apt 193
Whit,Carlow,5/29/2022,6:49 PM,75,31722-213,0268-0894,3.56351E+15,6.33438E+18,Suite 58
Noellyn,Casetti,02-04-2022,3:55 PM,68,0185-0157,0168-0060,4.01795E+15,6.75937E+15,Apt 597
Emalee,Wreford,10/23/2022,7:17 PM,59,54569-1696,68472-124,6.04839E+15,3.58194E+15,PO Box 27395
Gus,Alessandone,8/15/2022,6:53 PM,63,54868-5578,0168-0071,4.0416E+15,6.33382E+18,Room 1664
Hewitt,Keiley,8/22/2022,11:27 AM,73,49288-0683,53808-0909,5.11426E+15,3.74283E+14,Apt 1048
Diego,Goodinge,11-07-2022,7:18 AM,37,55319-974,0409-1036,3.57593E+15,3.57475E+15,PO Box 28633
Tabitha,Farquar,5/22/2022,6:44 AM,75,58668-2181,51655-425,5.04837E+15,4.01795E+15,19th Floor
Valerye,Slisby,10/25/2022,2:14 AM,93,55287-100,0268-0005,3.56334E+15,6.76778E+15,PO Box 38277
Torrin,Fieldhouse,12/26/2022,5:09 AM,36,0074-3797,0268-6137,3.52904E+15,4.02635E+15,Room 184
Swen,Headly,10-11-2022,11:30 PM,80,0268-0038,49738-975,3.54864E+15,3.55934E+15,Room 409
Jaimie,Belvard,12/23/2022,9:21 AM,32,43857-0105,55312-109,5.60223E+15,3.54333E+15,Apt 37
Doti,Falconer-Taylor,02-03-2022,6:54 AM,70,49349-216,49884-412,3.74289E+14,6.04856E+15,Room 1454
Bianca,Cone,10/28/2022,3:16 AM,43,30698-202,65044-5144,4.91384E+15,3.58544E+15,11th Floor
Nicko,Banasevich,09-12-2022,4:54 PM,40,0093-5062,36987-2703,6.30485E+18,3.57257E+15,Suite 28
Jaquenetta,Belshaw,10/26/2022,1:24 AM,18,57520-0190,46017-022,3.54563E+15,5.60221E+18,Apt 1058
Shaylyn,Braisby,6/14/2022,8:25 PM,93,17856-0021,58232-0069,3.55022E+15,5.60222E+18,Suite 49
Delora,Grewer,10-12-2022,2:53 AM,79,65862-492,49575-003,5.24595E+15,3.57374E+15,Suite 64
Allie,Haggish,7/28/2022,3:13 AM,93,13537-464,49288-0162,3.53098E+15,3.5653E+15,Suite 66
Ofelia,Tett,12/16/2022,9:05 PM,95,49035-688,52685-451,5.00235E+15,3.58521E+15,Suite 28
Lise,Sabbatier,7/23/2022,9:31 AM,67,49483-343,49288-0065,3.53025E+15,3.55091E+15,Room 75
Marget,Gladhill,11-01-2022,6:57 PM,42,75835-268,63347-520,3.53394E+15,6.7712E+15,PO Box 21204
Fraser,Emby,3/27/2022,12:56 PM,48,54162-269,35356-392,5.60223E+15,3.58871E+15,Suite 13
Brigham,Butland,12-08-2022,11:57 PM,65,0573-1900,36987-2712,3.55317E+15,5.10014E+15,PO Box 79708
Daryl,Crangle,12-11-2022,5:32 PM,14,0409-7337,68788-9179,5.60223E+15,2.01916E+14,Room 789
Emmett,Bateson,11/18/2022,4:26 PM,97,44946-1010,57687-291,2.01451E+14,3.55473E+15,Room 1371
Elfie,McGuane,7/23/2022,1:05 PM,63,62742-4050,54868-6096,3.55869E+15,6.30482E+17,Apt 213
Isidor,Pickring,9/24/2022,7:34 PM,100,42192-138,51824-474,3.58016E+15,3.52835E+15,PO Box 60905
Marjory,Chezelle,03-04-2022,9:19 AM,70,51027-0007,26637-712,4.90597E+17,4.50854E+15,Suite 21
Isidore,Dunster,02-08-2022,1:29 AM,82,63629-3333,59746-386,3.55287E+15,5.61033E+15,Suite 92
My,Speakman,8/16/2022,3:52 AM,97,42213-375,62211-023,5.8937E+17,5.60223E+18,11th Floor
Marigold,Russ,7/18/2022,9:32 PM,74,63736-072,54973-0600,5.10015E+15,2.01485E+14,Suite 20
Madonna,Hanselmann,10/21/2022,11:22 AM,60,58118-0223,53305-075,6.76155E+16,5.00235E+15,Suite 74
Kaine,Yegoshin,10/21/2022,3:27 PM,57,49349-648,75854-312,3.0199E+13,3.58464E+15,Apt 56
Keane,Bassam,8/19/2022,9:00 AM,66,42291-366,42195-550,3.54391E+15,3.55393E+15,Room 1350
Julianna,Hargitt,3/27/2022,6:53 PM,43,48883-007,67172-018,3.5385E+15,6.38607E+15,Suite 90
Rodi,Grigore,9/22/2022,11:17 PM,100,43063-201,24987-245,3.53949E+15,5.60222E+16,8th Floor
Miller,Drinkeld,1/31/2023,9:21 AM,56,37000-097,53208-478,6.76244E+15,3.74283E+14,PO Box 46612
Yance,Cloutt,10-04-2022,12:11 AM,49,11822-9854,41163-320,3.42695E+14,3.57088E+15,Room 1801
Brooke,Shambroke,11-01-2022,9:00 AM,32,0409-7761,50436-4543,3.57624E+15,3.58946E+15,Room 1964
Fletch,Blewmen,1/14/2023,6:47 AM,84,42507-214,48951-9015,6.70989E+18,4.91333E+15,Suite 9
Gil,Balston,12-02-2022,8:07 AM,86,35356-216,58177-677,3.54997E+15,3.53136E+15,PO Box 97792
Adolf,Dollar,06-09-2022,4:59 AM,60,55714-2218,63148-141,2.01432E+14,3.55635E+15,10th Floor
Cloe,Ashlee,6/19/2022,5:56 PM,50,54641-006,53808-0600,5.60222E+16,3.54647E+15,15th Floor
Chantal,Astling,4/22/2022,3:44 PM,85,76237-235,20479-0682,6.37116E+15,4.04138E+12,Suite 25
Jefferson,Paaso,06-02-2022,2:43 PM,41,36987-1534,51346-186,3.53544E+15,3.56724E+15,PO Box 20658
Basia,MacFadzean,1/19/2023,10:23 PM,96,57627-163,55301-003,4.58741E+15,3.56322E+15,PO Box 12885
Cherilynn,Driffe,1/18/2023,10:28 AM,53,54868-5628,42254-106,4.90326E+18,5.60222E+15,16th Floor
Beverly,Hutt,03-10-2022,4:12 PM,18,65044-2628,11383-253,3.74283E+14,3.58908E+15,Room 1462
Fredric,Eddicott,11/26/2022,7:13 AM,61,63629-3393,54868-4354,3.54808E+15,3.5488E+15,12th Floor
Tommi,Elie,01-12-2023,5:19 PM,61,68737-233,0517-2096,3.54816E+15,3.58014E+15,Apt 1283
Dusty,Skelington,6/25/2022,1:56 AM,45,0143-9983,10191-1411,5.10015E+15,6.762E+15,Room 1464
Moss,Ruggieri,5/29/2022,8:10 AM,53,65044-5058,63739-571,4.04138E+15,4.93634E+15,PO Box 69680
Terrell,Wemm,7/24/2022,12:56 AM,54,41250-897,57469-058,3.57241E+15,4.04159E+12,8th Floor
Amanda,Leynagh,1/29/2023,4:06 AM,40,52959-423,66689-403,3.57176E+15,4.50891E+15,Apt 735
Fielding,Yves,8/24/2022,9:35 AM,30,0003-2188,52125-222,3.58428E+15,5.57298E+15,PO Box 20517
Panchito,Bocking,01-08-2023,2:35 PM,90,0378-7001,57664-370,5.60225E+17,5.60222E+15,Suite 38
Lola,Simanenko,09-10-2022,7:42 AM,59,0485-0208,54868-6624,6.75958E+15,3.55931E+15,Apt 183
Augustus,Joyner,2/24/2022,10:33 PM,67,41250-310,39822-0615,3.5718E+15,3.55937E+15,Room 1718
Rosa,Merrigans,3/24/2022,9:58 PM,100,55301-205,42792-108,3.54784E+15,4.02681E+15,Apt 790
Saunderson,Burras,02-04-2022,8:58 AM,91,42549-513,61442-362,3.56582E+15,5.10014E+15,Room 1823
Betsy,Jayme,08-09-2022,7:20 PM,72,60709-101,49999-156,3.55017E+15,6.70959E+17,PO Box 87439
April,Hills,8/24/2022,6:17 AM,86,52533-059,52584-196,3.55572E+15,3.6588E+13,PO Box 81404
Emmanuel,Fountaine,12-12-2022,4:15 PM,76,61941-0041,63739-486,3.58793E+15,5.10015E+15,Room 1412
Cody,Gaines,01-06-2023,6:00 AM,22,49967-029,68703-067,3.5368E+15,3.52807E+15,PO Box 47954
Astra,Livens,7/29/2022,4:34 AM,95,54273-000,22100-020,6.30485E+18,3.01579E+13,17th Floor
Flory,Brolechan,5/18/2022,5:17 PM,10,43742-0243,0944-0493,3.56002E+15,3.57674E+15,8th Floor
Lisette,Kilduff,2/19/2022,8:48 PM,100,55301-533,67296-0574,3.54946E+15,2.01665E+14,Apt 883
Chad,Skehan,3/28/2022,11:12 AM,84,49999-455,61601-1217,4.5089E+15,3.57625E+15,Suite 58
Abraham,Ethelston,3/26/2022,2:25 AM,82,63354-002,55319-042,5.10018E+15,3.56345E+15,Apt 1126
Xena,Greathead,3/27/2022,2:00 AM,34,61352-002,68151-2875,6.30469E+16,3.54989E+15,Apt 811
Aurel,Baumadier,08-04-2022,7:55 AM,84,67938-2027,60505-2606,5.60221E+15,3.55372E+15,Suite 69
Pembroke,Le Houx,1/18/2023,3:06 AM,42,63629-3332,58232-0225,4.40568E+15,3.43555E+14,Suite 42
Melony,Hefferan,2/26/2022,2:09 AM,93,39822-3015,59779-546,6.76789E+17,6.76743E+17,Suite 16
Andrus,Boam,6/18/2022,4:40 AM,31,49035-553,52533-198,5.60226E+17,5.01012E+15,4th Floor
Gleda,Comfort,10/22/2022,9:43 AM,92,68647-171,0006-3941,2.0157E+14,3.55967E+15,Apt 649
Misti,Tunnadine,11/24/2022,6:19 AM,99,13537-439,65044-6691,3.7937E+14,3.76552E+14,Apt 985
Thoma,Lowey,6/16/2022,3:04 PM,63,52343-022,55154-9364,3.58537E+15,3.55976E+15,Apt 428
Rosene,Fairhurst,7/31/2022,12:43 PM,80,58414-8724,55910-915,3.5527E+15,4.02623E+15,Suite 39
Livy,Chittock,11-12-2022,7:29 PM,69,55289-227,0024-5833,3.74288E+14,3.54662E+15,Room 989
Prue,Comsty,07-05-2022,2:53 PM,17,0603-5448,60505-2740,3.5598E+15,3.54452E+15,PO Box 81992
Garik,Loton,9/16/2022,4:42 PM,19,17156-026,0781-9111,6.76296E+16,5.10017E+15,PO Box 77619
Duff,Roloff,8/20/2022,9:01 PM,70,61380-313,55154-6826,6.70699E+15,3.57793E+15,Suite 80
Richardo,Gerrans,10/19/2022,10:30 AM,62,69152-0057,10122-325,3.53263E+15,3.74623E+14,10th Floor
Norris,Figgen,11-12-2022,7:13 AM,77,0093-7146,60505-0102,3.53077E+15,3.72301E+14,Apt 372
Guillemette,Burnup,7/25/2022,9:45 AM,98,44911-0017,58503-019,3.03284E+13,2.01464E+14,15th Floor
Lodovico,McCord,07-02-2022,8:25 AM,34,45014-159,42254-426,3.65262E+13,3.55683E+15,Room 511
Fifine,Guard,11/19/2022,3:39 PM,65,49348-080,68788-9708,3.53471E+15,5.00236E+15,PO Box 49050
Ailbert,Rutley,7/30/2022,12:09 AM,88,55154-5128,68016-135,5.03837E+16,3.58058E+15,Apt 527
Harp,Daniell,11-02-2022,6:59 AM,64,55154-3424,0378-3361,5.60224E+17,5.10018E+15,Room 1306
Ingmar,Copper,09-11-2022,7:06 PM,82,59898-200,0615-7636,3.54301E+15,3.56093E+15,Apt 537
Tulley,Druett,05-05-2022,9:52 PM,63,68428-046,63629-3870,3.54226E+15,3.76848E+14,Apt 1312
Brigham,Gutsell,10-10-2022,11:27 AM,25,69103-2400,0409-6143,2.01627E+14,3.05759E+13,Apt 111
Monah,Hainning,5/18/2022,6:59 AM,97,41250-839,35000-861,3.01415E+13,5.04838E+15,12th Floor
Briant,Basek,6/18/2022,6:40 AM,92,68093-7038,0115-1121,4.50802E+15,3.65123E+13,Room 733
Luce,Bulgen,2/27/2022,3:20 PM,46,54868-0108,68647-198,3.5405E+15,3.57235E+15,Room 1731
Carin,Pellington,6/20/2022,5:08 AM,31,11084-732,67046-482,3.57407E+15,3.56392E+15,Apt 350
Ezri,Edgehill,3/31/2022,2:23 AM,52,41520-170,63941-641,3.54852E+15,5.46047E+15,PO Box 11684
Corrine,Stiff,12-05-2022,10:10 PM,88,42549-574,0074-3010,6.75959E+17,6.75923E+17,PO Box 56047
Hart,Kigelman,5/19/2022,3:06 AM,26,54868-0375,50952-009,3.55296E+15,3.00152E+13,PO Box 72708
Giffie,Bonnesen,11/29/2022,8:09 PM,56,42858-902,68001-131,5.60224E+15,3.54076E+15,16th Floor
Ardelia,Rush,1/29/2023,8:29 AM,25,50845-0125,0904-3365,4.93689E+18,3.57535E+15,12th Floor
Gabbi,Messham,2/18/2022,9:12 AM,41,54295-302,0615-4523,3.55854E+15,5.60225E+15,7th Floor
Layne,Cawse,05-01-2022,3:34 PM,75,68094-518,11673-957,5.61073E+16,3.74289E+14,Suite 85
Emili,Huegett,10/16/2022,5:21 AM,33,48951-4017,0519-1381,3.74289E+14,2.01981E+14,13th Floor
Mose,Farnish,12/16/2022,11:05 PM,85,0023-8335,64679-906,5.0181E+16,3.58053E+15,11th Floor
Win,Kermeen,11-10-2022,5:05 AM,55,63323-961,10096-0277,4.90587E+15,3.55381E+15,Room 48
Billy,Jurick,10-08-2022,12:03 PM,47,10019-988,45802-138,4.91725E+15,6.75984E+17,PO Box 64899
Penelope,MacGee,06-08-2022,9:55 PM,98,10678-008,49288-0922,3.54301E+15,3.01557E+13,Apt 757
Sophronia,Marzelle,3/24/2022,1:29 AM,71,0378-5052,52533-211,3.54889E+15,3.54034E+15,Suite 22
Redd,Kamena,9/25/2022,9:12 AM,81,68788-9869,52584-601,3.55586E+15,3.56006E+15,Suite 50
Hale,Mulchrone,4/21/2022,11:12 PM,36,0378-2146,43857-0184,5.14838E+15,6.33428E+15,PO Box 78808
Grover,Pinare,07-02-2022,6:21 PM,20,0187-0007,0781-5782,3.5676E+15,5.60223E+15,PO Box 75443
Joey,Still,07-12-2022,5:41 AM,86,63347-500,37205-648,6.70676E+17,3.01637E+13,Apt 1965
Ulrich,Rowbottom,03-06-2022,5:22 AM,33,62011-0173,68084-535,3.58983E+15,5.10014E+15,7th Floor
Deanna,Grzelczyk,4/23/2022,8:30 PM,48,0615-7823,43538-240,4.92973E+15,4.91773E+15,Suite 27
Shoshana,McElwee,3/13/2022,10:14 AM,32,59535-4611,53943-602,4.91157E+17,3.5691E+15,15th Floor
Giulia,Saffell,12-02-2022,1:33 PM,57,55154-6926,47593-501,3.56488E+15,3.58021E+15,Apt 105
Filmore,Boost,8/23/2022,1:26 AM,80,65044-1878,63402-206,3.5794E+15,3.58318E+15,Suite 23
Tomasine,Gavin,1/30/2023,6:45 PM,68,63621-353,62756-299,3.53977E+15,5.89343E+15,Room 98
Lauree,MacDowal,10-06-2022,7:07 AM,26,49349-295,64205-210,4.91344E+15,5.03854E+15,Apt 979
,,,,51,,,,,
